"object_type","group","bertel_table","bertel_field","tourinsoft_collection","tourinsoft_field","cardinality","transform","crosswalk_domain","required","privacy","mapping_status","review_status","evidence","notes"
"HOT|HLO|CAMP","object","","","","AccueilPMR","0..1","extension_pending","","optional","public","extension_pending","pending_crt","FSHebergementOTISud 209/211","Target/import semantics require CRT confirmation."
"HOT|HLO|CAMP","object","object_location","address1","","Adresse1","0..1","direct","","observed_100pct","public","direct","approved","FSHebergementOTISud 211/211",""
"HOT|HLO|CAMP","object","object_location","address2","","Adresse2","0..1","direct","","optional","public","direct","approved","FSHebergementOTISud 14/211",""
"HOT|HLO|CAMP","object","object_location","address3","","Adresse3","0..1","direct","","optional","public","direct","approved","FSHebergementOTISud 0/211",""
"HOT|HLO|CAMP","object","","","","Allinclusive","0..1","source_missing","","optional","public","source_missing","pending_crt","FSHebergementOTISud 8/211","Target/import semantics require CRT confirmation."
"HOT|HLO|CAMP","object","","","","Bureau.ThesCode","0..1","extension_pending","","observed_100pct","public","extension_pending","pending_crt","FSHebergementOTISud 211/211","Target/import semantics require CRT confirmation."
"HOT|HLO|CAMP","object","","","","Bureau.ThesID","0..1","excluded_auxiliary","","observed_100pct","technical","excluded_auxiliary","excluded","FSHebergementOTISud 211/211",""
"HOT|HLO|CAMP","object","","","","Bureau.ThesLibelle","0..1","extension_pending","","observed_100pct","public","extension_pending","pending_crt","FSHebergementOTISud 211/211","Target/import semantics require CRT confirmation."
"HOT|HLO|CAMP","object","","","","Bureau.ThesOrdre","0..1","excluded_auxiliary","","observed_100pct","technical","excluded_auxiliary","excluded","FSHebergementOTISud 211/211",""
"HOT|HLO|CAMP","object","","","","Bureau.ThesPicto","0..1","excluded_auxiliary","","optional","technical","excluded_auxiliary","excluded","FSHebergementOTISud 0/211",""
"HOT|HLO|CAMP","object","","","","Chaine","0..1","extension_pending","","optional","public","extension_pending","pending_crt","FSHebergementOTISud 0/210","Target/import semantics require CRT confirmation."
"HOT|HLO|CAMP","object","","","","Chaine.ThesCode","0..1","source_missing","","observed_100pct","public","source_missing","pending_crt","FSHebergementOTISud 1/1","Target/import semantics require CRT confirmation."
"HOT|HLO|CAMP","object","","","","Chaine.ThesID","0..1","excluded_auxiliary","","observed_100pct","technical","excluded_auxiliary","excluded","FSHebergementOTISud 1/1",""
"HOT|HLO|CAMP","object","","","","Chaine.ThesLibelle","0..1","source_missing","","observed_100pct","public","source_missing","pending_crt","FSHebergementOTISud 1/1","Target/import semantics require CRT confirmation."
"HOT|HLO|CAMP","object","","","","Chaine.ThesOrdre","0..1","excluded_auxiliary","","observed_100pct","technical","excluded_auxiliary","excluded","FSHebergementOTISud 1/1",""
"HOT|HLO|CAMP","object","","","","Chaine.ThesPicto","0..1","excluded_auxiliary","","optional","technical","excluded_auxiliary","excluded","FSHebergementOTISud 0/1",""
"HOT|HLO|CAMP","object","","","","ClassementPrefectoral","0..1","extension_pending","","optional","public","extension_pending","pending_crt","FSHebergementOTISud 70/211","Target/import semantics require CRT confirmation."
"HOT|HLO|CAMP","object","","","","ClassificationType","0..1","extension_pending","","optional","public","extension_pending","pending_crt","FSHebergementOTISud 0/1","Target/import semantics require CRT confirmation."
"HOT|HLO|CAMP","object","","","","ClassificationType.ThesCode","0..1","extension_pending","","observed_100pct","public","extension_pending","pending_crt","FSHebergementOTISud 210/210","Target/import semantics require CRT confirmation."
"HOT|HLO|CAMP","object","","","","ClassificationType.ThesID","0..1","excluded_auxiliary","","observed_100pct","technical","excluded_auxiliary","excluded","FSHebergementOTISud 210/210",""
"HOT|HLO|CAMP","object","","","","ClassificationType.ThesLibelle","0..1","extension_pending","","observed_100pct","public","extension_pending","pending_crt","FSHebergementOTISud 210/210","Target/import semantics require CRT confirmation."
"HOT|HLO|CAMP","object","","","","ClassificationType.ThesOrdre","0..1","excluded_auxiliary","","observed_100pct","technical","excluded_auxiliary","excluded","FSHebergementOTISud 210/210",""
"HOT|HLO|CAMP","object","","","","ClassificationType.ThesPicto","0..1","excluded_auxiliary","","optional","technical","excluded_auxiliary","excluded","FSHebergementOTISud 0/210",""
"HOT|HLO|CAMP","object","object_location","code_insee","","CodeINSEE","0..1","direct","","observed_100pct","public","direct","approved","FSHebergementOTISud 211/211",""
"HOT|HLO|CAMP","object","object_location","postcode","","CodePostal","0..1","direct","","observed_100pct","public","direct","approved","FSHebergementOTISud 211/211",""
"HOT|HLO|CAMP","object","object_location","city","","Commune","0..1","direct","","observed_100pct","public","direct","approved","FSHebergementOTISud 211/211",""
"HOT|HLO|CAMP","object","object_location","latitude","","GmapLatitude","0..1","string_decimal","","optional","public","string_decimal","approved","FSHebergementOTISud 210/211",""
"HOT|HLO|CAMP","object","object_location","longitude","","GmapLongitude","0..1","string_decimal","","optional","public","string_decimal","approved","FSHebergementOTISud 210/211",""
"HOT|HLO|CAMP","object","","","","IdentifiantSoubik","0..1","extension_pending","","optional","public","extension_pending","pending_crt","FSHebergementOTISud 208/211","Target/import semantics require CRT confirmation."
"HOT|HLO|CAMP","object","","","","Lieudit","0..1","extension_pending","","optional","public","extension_pending","pending_crt","FSHebergementOTISud 0/134","Target/import semantics require CRT confirmation."
"HOT|HLO|CAMP","object","","","","Lieudit.ThesCode","0..1","extension_pending","","observed_100pct","public","extension_pending","pending_crt","FSHebergementOTISud 77/77","Target/import semantics require CRT confirmation."
"HOT|HLO|CAMP","object","","","","Lieudit.ThesID","0..1","excluded_auxiliary","","observed_100pct","technical","excluded_auxiliary","excluded","FSHebergementOTISud 77/77",""
"HOT|HLO|CAMP","object","object_location","lieu_dit","","Lieudit.ThesLibelle","0..1","direct","","observed_100pct","public","direct","approved","FSHebergementOTISud 77/77",""
"HOT|HLO|CAMP","object","","","","Lieudit.ThesOrdre","0..1","excluded_auxiliary","","observed_100pct","technical","excluded_auxiliary","excluded","FSHebergementOTISud 77/77",""
"HOT|HLO|CAMP","object","","","","Lieudit.ThesPicto","0..1","excluded_auxiliary","","optional","technical","excluded_auxiliary","excluded","FSHebergementOTISud 0/77",""
"HOT|HLO|CAMP","object","object","name","","Nometablissement","0..1","direct","","observed_100pct","public","direct","approved","FSHebergementOTISud 211/211",""
"HOT|HLO|CAMP","object","object","object_type","","ObjectTypeFix","0..1","crosswalk_external_id","object_type","observed_100pct","public","crosswalk_external_id","approved","FSHebergementOTISud 211/211",""
"HOT|HLO|CAMP","object","object","object_type","","ObjectTypeName","0..1","crosswalk","object_type","observed_100pct","public","crosswalk","approved","FSHebergementOTISud 211/211",""
"HOT|HLO|CAMP","object","object","published_at","","Published","0..1","utc_iso8601","","observed_100pct","public","utc_iso8601","approved","FSHebergementOTISud 211/211",""
"HOT|HLO|CAMP","object","","","","RaisonSociale","0..1","excluded_private","","optional","private","excluded_private","excluded","FSHebergementOTISud 120/211",""
"HOT|HLO|CAMP","object","","","","SIRET","0..1","excluded_private","","optional","private","excluded_private","excluded","FSHebergementOTISud 11/211",""
"HOT|HLO|CAMP","object","object","id","","SyndicObjectID","0..1","direct","","observed_100pct","public","direct","approved","FSHebergementOTISud 211/211",""
"HOT|HLO|CAMP","object","object","name","","SyndicObjectName","0..1","direct","","observed_100pct","public","direct","approved","FSHebergementOTISud 211/211",""
"HOT|HLO|CAMP","object","","","","SyndicObjectOrder","0..1","extension_pending","","observed_100pct","public","extension_pending","pending_crt","FSHebergementOTISud 211/211","Target/import semantics require CRT confirmation."
"HOT|HLO|CAMP","object","","","","SyndicStructureId","0..1","extension_pending","","observed_100pct","public","extension_pending","pending_crt","FSHebergementOTISud 211/211","Target/import semantics require CRT confirmation."
"HOT|HLO|CAMP","object","","","","TIS_TRACKING_LISTING_OFFRE","0..1","extension_pending","","observed_100pct","public","extension_pending","pending_crt","FSHebergementOTISud 211/211","Target/import semantics require CRT confirmation."
"HOT|HLO|CAMP","object","","","","TIS_TRACKING_OFFRE","0..1","extension_pending","","observed_100pct","public","extension_pending","pending_crt","FSHebergementOTISud 211/211","Target/import semantics require CRT confirmation."
"HOT|HLO|CAMP","object","object","updated_at","","Updated","0..1","utc_iso8601","","observed_100pct","public","utc_iso8601","approved","FSHebergementOTISud 211/211",""
"HOT|HLO|CAMP","Access","object_location","direction","Access","Descriptifduplandacces","0..n","strip_markdown","","optional","public","strip_markdown","approved","FSHebergementOTISud 170/211",""
"HOT|HLO|CAMP","Access","","","Access","ID","0..n","excluded_auxiliary","","observed_100pct","technical","excluded_auxiliary","excluded","FSHebergementOTISud 211/211",""
"HOT|HLO|CAMP","Access","","","Access","Ordre","0..n","excluded_auxiliary","","observed_100pct","technical","excluded_auxiliary","excluded","FSHebergementOTISud 211/211",""
"HOT|HLO|CAMP","Access","","","Access","SyndicObjectId","0..n","excluded_auxiliary","","observed_100pct","technical","excluded_auxiliary","excluded","FSHebergementOTISud 211/211",""
"HOT|HLO|CAMP","Animauxacceptess","object_pet_policy","accepted","Animauxacceptess","Animauxacceptes","0..n","direct","","observed_100pct","public","direct","approved","FSHebergementOTISud 211/211",""
"HOT|HLO|CAMP","Animauxacceptess","","","Animauxacceptess","Complementdinfo","0..n","extension_pending","","optional","public","extension_pending","pending_crt","FSHebergementOTISud 0/211","Target/import semantics require CRT confirmation."
"HOT|HLO|CAMP","Animauxacceptess","object_pet_policy","conditions","Animauxacceptess","Complementdinformations","0..n","strip_markdown","","optional","public","strip_markdown","approved","FSHebergementOTISud 0/211",""
"HOT|HLO|CAMP","Animauxacceptess","","","Animauxacceptess","ID","0..n","excluded_auxiliary","","observed_100pct","technical","excluded_auxiliary","excluded","FSHebergementOTISud 211/211",""
"HOT|HLO|CAMP","Animauxacceptess","","","Animauxacceptess","Ordre","0..n","excluded_auxiliary","","observed_100pct","technical","excluded_auxiliary","excluded","FSHebergementOTISud 211/211",""
"HOT|HLO|CAMP","Animauxacceptess","","","Animauxacceptess","SyndicObjectId","0..n","excluded_auxiliary","","observed_100pct","technical","excluded_auxiliary","excluded","FSHebergementOTISud 211/211",""
"HOT|HLO|CAMP","Capacitecampings","object_capacity","max_capacity","Capacitecampings","Capacite","0..n","metric","capacity_metric","observed_100pct","public","metric","approved","FSHebergementOTISud 3/3",""
"HOT|HLO|CAMP","Capacitecampings","","","Capacitecampings","ID","0..n","excluded_auxiliary","","observed_100pct","technical","excluded_auxiliary","excluded","FSHebergementOTISud 3/3",""
"HOT|HLO|CAMP","Capacitecampings","","","Capacitecampings","Nombredemplacementcamping","0..n","extension_pending","","optional","public","extension_pending","pending_crt","FSHebergementOTISud 0/3","Target/import semantics require CRT confirmation."
"HOT|HLO|CAMP","Capacitecampings","object_capacity","pitches","Capacitecampings","Nombredeproduits","0..n","metric","capacity_metric","observed_100pct","public","metric","approved","FSHebergementOTISud 3/3",""
"HOT|HLO|CAMP","Capacitecampings","","","Capacitecampings","Ordre","0..n","excluded_auxiliary","","observed_100pct","technical","excluded_auxiliary","excluded","FSHebergementOTISud 3/3",""
"HOT|HLO|CAMP","Capacitecampings","object_capacity","floor_area_m2","Capacitecampings","Superficieduterrain","0..n","metric","capacity_metric","observed_100pct","public","metric","approved","FSHebergementOTISud 3/3",""
"HOT|HLO|CAMP","Capacitecampings","","","Capacitecampings","Surfacecamping","0..n","extension_pending","","optional","public","extension_pending","pending_crt","FSHebergementOTISud 0/3","Target/import semantics require CRT confirmation."
"HOT|HLO|CAMP","Capacitecampings","","","Capacitecampings","Surfacedelhabitation","0..n","extension_pending","","observed_100pct","public","extension_pending","pending_crt","FSHebergementOTISud 3/3","Target/import semantics require CRT confirmation."
"HOT|HLO|CAMP","Capacitecampings","","","Capacitecampings","SyndicObjectId","0..n","excluded_auxiliary","","observed_100pct","technical","excluded_auxiliary","excluded","FSHebergementOTISud 3/3",""
"HOT|HLO|CAMP","Capacites","object_capacity","max_capacity","Capacites","Capacitetotalenombredepersonnes","0..n","metric","capacity_metric","optional","public","metric","approved","FSHebergementOTISud 207/208",""
"HOT|HLO|CAMP","Capacites","","","Capacites","ID","0..n","excluded_auxiliary","","observed_100pct","technical","excluded_auxiliary","excluded","FSHebergementOTISud 208/208",""
"HOT|HLO|CAMP","Capacites","","","Capacites","Nombredechambresfamiliales","0..n","extension_pending","","optional","public","extension_pending","pending_crt","FSHebergementOTISud 0/208","Target/import semantics require CRT confirmation."
"HOT|HLO|CAMP","Capacites","","","Capacites","Nombredechambrespourpersonneamobilitereduite","0..n","extension_pending","","optional","public","extension_pending","pending_crt","FSHebergementOTISud 0/208","Target/import semantics require CRT confirmation."
"HOT|HLO|CAMP","Capacites","object_capacity","beds","Capacites","Nombredelits","0..n","metric","capacity_metric","optional","public","metric","approved","FSHebergementOTISud 0/208",""
"HOT|HLO|CAMP","Capacites","object_capacity","bedrooms","Capacites","Nombretotaldechambres","0..n","metric","capacity_metric","optional","public","metric","approved","FSHebergementOTISud 15/208",""
"HOT|HLO|CAMP","Capacites","","","Capacites","Ordre","0..n","excluded_auxiliary","","observed_100pct","technical","excluded_auxiliary","excluded","FSHebergementOTISud 208/208",""
"HOT|HLO|CAMP","Capacites","object_meeting_room","id","Capacites","Salledereunion","0..n","exists_boolean","","optional","public","exists_boolean","approved","FSHebergementOTISud 4/208",""
"HOT|HLO|CAMP","Capacites","","","Capacites","Superficieduterrain","0..n","extension_pending","","optional","public","extension_pending","pending_crt","FSHebergementOTISud 184/208","Target/import semantics require CRT confirmation."
"HOT|HLO|CAMP","Capacites","object_capacity","floor_area_m2","Capacites","Surfacedelhabitation","0..n","metric","capacity_metric","optional","public","metric","approved","FSHebergementOTISud 198/208",""
"HOT|HLO|CAMP","Capacites","","","Capacites","SyndicObjectId","0..n","excluded_auxiliary","","observed_100pct","technical","excluded_auxiliary","excluded","FSHebergementOTISud 208/208",""
"HOT|HLO|CAMP","Classificationcategories","","","Classificationcategories","ID","0..n","excluded_auxiliary","","observed_100pct","technical","excluded_auxiliary","excluded","FSHebergementOTISud 210/210",""
"HOT|HLO|CAMP","Classificationcategories","","","Classificationcategories","Ordre","0..n","excluded_auxiliary","","observed_100pct","technical","excluded_auxiliary","excluded","FSHebergementOTISud 210/210",""
"HOT|HLO|CAMP","Classificationcategories","","","Classificationcategories","SyndicObjectId","0..n","excluded_auxiliary","","observed_100pct","technical","excluded_auxiliary","excluded","FSHebergementOTISud 210/210",""
"HOT|HLO|CAMP","Classificationcategories","","","Classificationcategories","ThesCode","0..n","extension_pending","","observed_100pct","public","extension_pending","pending_crt","FSHebergementOTISud 210/210","Target/import semantics require CRT confirmation."
"HOT|HLO|CAMP","Classificationcategories","","","Classificationcategories","ThesID","0..n","excluded_auxiliary","","observed_100pct","technical","excluded_auxiliary","excluded","FSHebergementOTISud 210/210",""
"HOT|HLO|CAMP","Classificationcategories","","","Classificationcategories","ThesLibelle","0..n","extension_pending","","observed_100pct","public","extension_pending","pending_crt","FSHebergementOTISud 210/210","Target/import semantics require CRT confirmation."
"HOT|HLO|CAMP","Classificationcategories","","","Classificationcategories","ThesOrdre","0..n","excluded_auxiliary","","observed_100pct","technical","excluded_auxiliary","excluded","FSHebergementOTISud 210/210",""
"HOT|HLO|CAMP","Classificationcategories","","","Classificationcategories","ThesPicto","0..n","excluded_auxiliary","","optional","technical","excluded_auxiliary","excluded","FSHebergementOTISud 0/210",""
"HOT|HLO|CAMP","ClassificationsouscategorieCHoteHLOs","","","ClassificationsouscategorieCHoteHLOs","ID","0..n","excluded_auxiliary","","observed_100pct","technical","excluded_auxiliary","excluded","FSHebergementOTISud 49/49",""
"HOT|HLO|CAMP","ClassificationsouscategorieCHoteHLOs","","","ClassificationsouscategorieCHoteHLOs","Ordre","0..n","excluded_auxiliary","","observed_100pct","technical","excluded_auxiliary","excluded","FSHebergementOTISud 49/49",""
"HOT|HLO|CAMP","ClassificationsouscategorieCHoteHLOs","","","ClassificationsouscategorieCHoteHLOs","SyndicObjectId","0..n","excluded_auxiliary","","observed_100pct","technical","excluded_auxiliary","excluded","FSHebergementOTISud 49/49",""
"HOT|HLO|CAMP","ClassificationsouscategorieCHoteHLOs","","","ClassificationsouscategorieCHoteHLOs","ThesCode","0..n","extension_pending","","observed_100pct","public","extension_pending","pending_crt","FSHebergementOTISud 49/49","Target/import semantics require CRT confirmation."
"HOT|HLO|CAMP","ClassificationsouscategorieCHoteHLOs","","","ClassificationsouscategorieCHoteHLOs","ThesID","0..n","excluded_auxiliary","","observed_100pct","technical","excluded_auxiliary","excluded","FSHebergementOTISud 49/49",""
"HOT|HLO|CAMP","ClassificationsouscategorieCHoteHLOs","","","ClassificationsouscategorieCHoteHLOs","ThesLibelle","0..n","extension_pending","","observed_100pct","public","extension_pending","pending_crt","FSHebergementOTISud 49/49","Target/import semantics require CRT confirmation."
"HOT|HLO|CAMP","ClassificationsouscategorieCHoteHLOs","","","ClassificationsouscategorieCHoteHLOs","ThesOrdre","0..n","excluded_auxiliary","","observed_100pct","technical","excluded_auxiliary","excluded","FSHebergementOTISud 49/49",""
"HOT|HLO|CAMP","ClassificationsouscategorieCHoteHLOs","","","ClassificationsouscategorieCHoteHLOs","ThesPicto","0..n","excluded_auxiliary","","optional","technical","excluded_auxiliary","excluded","FSHebergementOTISud 0/49",""
"HOT|HLO|CAMP","ClassificationsouscategoriegiteHLOs","","","ClassificationsouscategoriegiteHLOs","ID","0..n","excluded_auxiliary","","observed_100pct","technical","excluded_auxiliary","excluded","FSHebergementOTISud 17/17",""
"HOT|HLO|CAMP","ClassificationsouscategoriegiteHLOs","","","ClassificationsouscategoriegiteHLOs","Ordre","0..n","excluded_auxiliary","","observed_100pct","technical","excluded_auxiliary","excluded","FSHebergementOTISud 17/17",""
"HOT|HLO|CAMP","ClassificationsouscategoriegiteHLOs","","","ClassificationsouscategoriegiteHLOs","SyndicObjectId","0..n","excluded_auxiliary","","observed_100pct","technical","excluded_auxiliary","excluded","FSHebergementOTISud 17/17",""
"HOT|HLO|CAMP","ClassificationsouscategoriegiteHLOs","","","ClassificationsouscategoriegiteHLOs","ThesCode","0..n","extension_pending","","observed_100pct","public","extension_pending","pending_crt","FSHebergementOTISud 17/17","Target/import semantics require CRT confirmation."
"HOT|HLO|CAMP","ClassificationsouscategoriegiteHLOs","","","ClassificationsouscategoriegiteHLOs","ThesID","0..n","excluded_auxiliary","","observed_100pct","technical","excluded_auxiliary","excluded","FSHebergementOTISud 17/17",""
"HOT|HLO|CAMP","ClassificationsouscategoriegiteHLOs","","","ClassificationsouscategoriegiteHLOs","ThesLibelle","0..n","extension_pending","","observed_100pct","public","extension_pending","pending_crt","FSHebergementOTISud 17/17","Target/import semantics require CRT confirmation."
"HOT|HLO|CAMP","ClassificationsouscategoriegiteHLOs","","","ClassificationsouscategoriegiteHLOs","ThesOrdre","0..n","excluded_auxiliary","","observed_100pct","technical","excluded_auxiliary","excluded","FSHebergementOTISud 17/17",""
"HOT|HLO|CAMP","ClassificationsouscategoriegiteHLOs","","","ClassificationsouscategoriegiteHLOs","ThesPicto","0..n","excluded_auxiliary","","optional","technical","excluded_auxiliary","excluded","FSHebergementOTISud 0/17",""
"HOT|HLO|CAMP","ClassificationsouscategorielocsaisHLOs","","","ClassificationsouscategorielocsaisHLOs","ID","0..n","excluded_auxiliary","","observed_100pct","technical","excluded_auxiliary","excluded","FSHebergementOTISud 134/134",""
"HOT|HLO|CAMP","ClassificationsouscategorielocsaisHLOs","","","ClassificationsouscategorielocsaisHLOs","Ordre","0..n","excluded_auxiliary","","observed_100pct","technical","excluded_auxiliary","excluded","FSHebergementOTISud 134/134",""
"HOT|HLO|CAMP","ClassificationsouscategorielocsaisHLOs","","","ClassificationsouscategorielocsaisHLOs","SyndicObjectId","0..n","excluded_auxiliary","","observed_100pct","technical","excluded_auxiliary","excluded","FSHebergementOTISud 134/134",""
"HOT|HLO|CAMP","ClassificationsouscategorielocsaisHLOs","","","ClassificationsouscategorielocsaisHLOs","ThesCode","0..n","extension_pending","","observed_100pct","public","extension_pending","pending_crt","FSHebergementOTISud 134/134","Target/import semantics require CRT confirmation."
"HOT|HLO|CAMP","ClassificationsouscategorielocsaisHLOs","","","ClassificationsouscategorielocsaisHLOs","ThesID","0..n","excluded_auxiliary","","observed_100pct","technical","excluded_auxiliary","excluded","FSHebergementOTISud 134/134",""
"HOT|HLO|CAMP","ClassificationsouscategorielocsaisHLOs","","","ClassificationsouscategorielocsaisHLOs","ThesLibelle","0..n","extension_pending","","observed_100pct","public","extension_pending","pending_crt","FSHebergementOTISud 134/134","Target/import semantics require CRT confirmation."
"HOT|HLO|CAMP","ClassificationsouscategorielocsaisHLOs","","","ClassificationsouscategorielocsaisHLOs","ThesOrdre","0..n","excluded_auxiliary","","observed_100pct","technical","excluded_auxiliary","excluded","FSHebergementOTISud 134/134",""
"HOT|HLO|CAMP","ClassificationsouscategorielocsaisHLOs","","","ClassificationsouscategorielocsaisHLOs","ThesPicto","0..n","excluded_auxiliary","","optional","technical","excluded_auxiliary","excluded","FSHebergementOTISud 0/134",""
"HOT|HLO|CAMP","Classificationsouscategories","","","Classificationsouscategories","ID","0..n","excluded_auxiliary","","observed_100pct","technical","excluded_auxiliary","excluded","FSHebergementOTISud 10/10",""
"HOT|HLO|CAMP","Classificationsouscategories","","","Classificationsouscategories","Ordre","0..n","excluded_auxiliary","","observed_100pct","technical","excluded_auxiliary","excluded","FSHebergementOTISud 10/10",""
"HOT|HLO|CAMP","Classificationsouscategories","","","Classificationsouscategories","SyndicObjectId","0..n","excluded_auxiliary","","observed_100pct","technical","excluded_auxiliary","excluded","FSHebergementOTISud 10/10",""
"HOT|HLO|CAMP","Classificationsouscategories","","","Classificationsouscategories","ThesCode","0..n","extension_pending","","observed_100pct","public","extension_pending","pending_crt","FSHebergementOTISud 10/10","Target/import semantics require CRT confirmation."
"HOT|HLO|CAMP","Classificationsouscategories","","","Classificationsouscategories","ThesID","0..n","excluded_auxiliary","","observed_100pct","technical","excluded_auxiliary","excluded","FSHebergementOTISud 10/10",""
"HOT|HLO|CAMP","Classificationsouscategories","","","Classificationsouscategories","ThesLibelle","0..n","extension_pending","","observed_100pct","public","extension_pending","pending_crt","FSHebergementOTISud 10/10","Target/import semantics require CRT confirmation."
"HOT|HLO|CAMP","Classificationsouscategories","","","Classificationsouscategories","ThesOrdre","0..n","excluded_auxiliary","","observed_100pct","technical","excluded_auxiliary","excluded","FSHebergementOTISud 10/10",""
"HOT|HLO|CAMP","Classificationsouscategories","","","Classificationsouscategories","ThesPicto","0..n","excluded_auxiliary","","optional","technical","excluded_auxiliary","excluded","FSHebergementOTISud 0/10",""
"HOT|HLO|CAMP","Descriptifss","object_description","description_chapo","Descriptifss","Accroche","0..n","strip_markdown","","optional","public","strip_markdown","approved","FSHebergementOTISud 191/211",""
"HOT|HLO|CAMP","Descriptifss","object_description","description","Descriptifss","Descriptioncommerciale","0..n","strip_markdown","","optional","public","strip_markdown","approved","FSHebergementOTISud 210/211",""
"HOT|HLO|CAMP","Descriptifss","","","Descriptifss","ID","0..n","excluded_auxiliary","","observed_100pct","technical","excluded_auxiliary","excluded","FSHebergementOTISud 211/211",""
"HOT|HLO|CAMP","Descriptifss","","","Descriptifss","Ordre","0..n","excluded_auxiliary","","observed_100pct","technical","excluded_auxiliary","excluded","FSHebergementOTISud 211/211",""
"HOT|HLO|CAMP","Descriptifss","","","Descriptifss","SyndicObjectId","0..n","excluded_auxiliary","","observed_100pct","technical","excluded_auxiliary","excluded","FSHebergementOTISud 211/211",""
"HOT|HLO|CAMP","Horairearriveedeparts","object_stay_policy","check_in_from","Horairearriveedeparts","Heuredarrivee","0..n","timespan","","optional","public","timespan","approved","FSHebergementOTISud 0/11",""
"HOT|HLO|CAMP","Horairearriveedeparts","object_stay_policy","check_in_until","Horairearriveedeparts","Heuredarriveemax","0..n","timespan","","optional","public","timespan","approved","FSHebergementOTISud 0/11",""
"HOT|HLO|CAMP","Horairearriveedeparts","object_stay_policy","check_out_until","Horairearriveedeparts","Heurededepart","0..n","timespan","","optional","public","timespan","approved","FSHebergementOTISud 2/11",""
"HOT|HLO|CAMP","Horairearriveedeparts","","","Horairearriveedeparts","ID","0..n","excluded_auxiliary","","observed_100pct","technical","excluded_auxiliary","excluded","FSHebergementOTISud 11/11",""
"HOT|HLO|CAMP","Horairearriveedeparts","","","Horairearriveedeparts","Ordre","0..n","excluded_auxiliary","","observed_100pct","technical","excluded_auxiliary","excluded","FSHebergementOTISud 11/11",""
"HOT|HLO|CAMP","Horairearriveedeparts","","","Horairearriveedeparts","SyndicObjectId","0..n","excluded_auxiliary","","observed_100pct","technical","excluded_auxiliary","excluded","FSHebergementOTISud 11/11",""
"HOT|HLO|CAMP","Labels","","","Labels","ID","0..n","excluded_auxiliary","","observed_100pct","technical","excluded_auxiliary","excluded","FSHebergementOTISud 34/34",""
"HOT|HLO|CAMP","Labels","","","Labels","Ordre","0..n","excluded_auxiliary","","observed_100pct","technical","excluded_auxiliary","excluded","FSHebergementOTISud 34/34",""
"HOT|HLO|CAMP","Labels","","","Labels","SyndicObjectId","0..n","excluded_auxiliary","","observed_100pct","technical","excluded_auxiliary","excluded","FSHebergementOTISud 34/34",""
"HOT|HLO|CAMP","Labels","","","Labels","ThesCode","0..n","extension_pending","","observed_100pct","public","extension_pending","pending_crt","FSHebergementOTISud 34/34","Target/import semantics require CRT confirmation."
"HOT|HLO|CAMP","Labels","","","Labels","ThesID","0..n","excluded_auxiliary","","observed_100pct","technical","excluded_auxiliary","excluded","FSHebergementOTISud 34/34",""
"HOT|HLO|CAMP","Labels","","","Labels","ThesLibelle","0..n","extension_pending","","observed_100pct","public","extension_pending","pending_crt","FSHebergementOTISud 34/34","Target/import semantics require CRT confirmation."
"HOT|HLO|CAMP","Labels","","","Labels","ThesOrdre","0..n","excluded_auxiliary","","observed_100pct","technical","excluded_auxiliary","excluded","FSHebergementOTISud 34/34",""
"HOT|HLO|CAMP","Labels","","","Labels","ThesPicto","0..n","excluded_auxiliary","","optional","technical","excluded_auxiliary","excluded","FSHebergementOTISud 0/34",""
"HOT|HLO|CAMP","LanguesParleess","","","LanguesParleess","ID","0..n","excluded_auxiliary","","observed_100pct","technical","excluded_auxiliary","excluded","FSHebergementOTISud 423/423",""
"HOT|HLO|CAMP","LanguesParleess","","","LanguesParleess","Ordre","0..n","excluded_auxiliary","","observed_100pct","technical","excluded_auxiliary","excluded","FSHebergementOTISud 423/423",""
"HOT|HLO|CAMP","LanguesParleess","","","LanguesParleess","SyndicObjectId","0..n","excluded_auxiliary","","observed_100pct","technical","excluded_auxiliary","excluded","FSHebergementOTISud 423/423",""
"HOT|HLO|CAMP","LanguesParleess","object_language","language_id","LanguesParleess","ThesCode","0..n","crosswalk","language","observed_100pct","public","crosswalk","approved","FSHebergementOTISud 423/423",""
"HOT|HLO|CAMP","LanguesParleess","","","LanguesParleess","ThesID","0..n","excluded_auxiliary","","observed_100pct","technical","excluded_auxiliary","excluded","FSHebergementOTISud 423/423",""
"HOT|HLO|CAMP","LanguesParleess","ref_language","name","LanguesParleess","ThesLibelle","0..n","crosswalk_label","language","observed_100pct","public","crosswalk_label","approved","FSHebergementOTISud 423/423",""
"HOT|HLO|CAMP","LanguesParleess","","","LanguesParleess","ThesOrdre","0..n","excluded_auxiliary","","observed_100pct","technical","excluded_auxiliary","excluded","FSHebergementOTISud 423/423",""
"HOT|HLO|CAMP","LanguesParleess","","","LanguesParleess","ThesPicto","0..n","excluded_auxiliary","","optional","technical","excluded_auxiliary","excluded","FSHebergementOTISud 0/423",""
"HOT|HLO|CAMP","Localisationss","","","Localisationss","ID","0..n","excluded_auxiliary","","observed_100pct","technical","excluded_auxiliary","excluded","FSHebergementOTISud 227/227",""
"HOT|HLO|CAMP","Localisationss","","","Localisationss","Ordre","0..n","excluded_auxiliary","","observed_100pct","technical","excluded_auxiliary","excluded","FSHebergementOTISud 227/227",""
"HOT|HLO|CAMP","Localisationss","","","Localisationss","SyndicObjectId","0..n","excluded_auxiliary","","observed_100pct","technical","excluded_auxiliary","excluded","FSHebergementOTISud 227/227",""
"HOT|HLO|CAMP","Localisationss","","","Localisationss","ThesCode","0..n","extension_pending","","observed_100pct","public","extension_pending","pending_crt","FSHebergementOTISud 227/227","Target/import semantics require CRT confirmation."
"HOT|HLO|CAMP","Localisationss","","","Localisationss","ThesID","0..n","excluded_auxiliary","","observed_100pct","technical","excluded_auxiliary","excluded","FSHebergementOTISud 227/227",""
"HOT|HLO|CAMP","Localisationss","","","Localisationss","ThesLibelle","0..n","extension_pending","","observed_100pct","public","extension_pending","pending_crt","FSHebergementOTISud 227/227","Target/import semantics require CRT confirmation."
"HOT|HLO|CAMP","Localisationss","","","Localisationss","ThesOrdre","0..n","excluded_auxiliary","","observed_100pct","technical","excluded_auxiliary","excluded","FSHebergementOTISud 227/227",""
"HOT|HLO|CAMP","Localisationss","","","Localisationss","ThesPicto","0..n","excluded_auxiliary","","optional","technical","excluded_auxiliary","excluded","FSHebergementOTISud 0/227",""
"HOT|HLO|CAMP","ModesPaiements","","","ModesPaiements","ID","0..n","excluded_auxiliary","","observed_100pct","technical","excluded_auxiliary","excluded","FSHebergementOTISud 519/519",""
"HOT|HLO|CAMP","ModesPaiements","","","ModesPaiements","Ordre","0..n","excluded_auxiliary","","observed_100pct","technical","excluded_auxiliary","excluded","FSHebergementOTISud 519/519",""
"HOT|HLO|CAMP","ModesPaiements","","","ModesPaiements","SyndicObjectId","0..n","excluded_auxiliary","","observed_100pct","technical","excluded_auxiliary","excluded","FSHebergementOTISud 519/519",""
"HOT|HLO|CAMP","ModesPaiements","object_payment_method","payment_method_id","ModesPaiements","ThesCode","0..n","crosswalk","payment_method","observed_100pct","public","crosswalk","approved","FSHebergementOTISud 519/519",""
"HOT|HLO|CAMP","ModesPaiements","","","ModesPaiements","ThesID","0..n","excluded_auxiliary","","observed_100pct","technical","excluded_auxiliary","excluded","FSHebergementOTISud 519/519",""
"HOT|HLO|CAMP","ModesPaiements","ref_code_payment_method","name","ModesPaiements","ThesLibelle","0..n","crosswalk_label","payment_method","observed_100pct","public","crosswalk_label","approved","FSHebergementOTISud 519/519",""
"HOT|HLO|CAMP","ModesPaiements","","","ModesPaiements","ThesOrdre","0..n","excluded_auxiliary","","observed_100pct","technical","excluded_auxiliary","excluded","FSHebergementOTISud 519/519",""
"HOT|HLO|CAMP","ModesPaiements","","","ModesPaiements","ThesPicto","0..n","excluded_auxiliary","","optional","technical","excluded_auxiliary","excluded","FSHebergementOTISud 0/519",""
"HOT|HLO|CAMP","Moyencommunications","","","Moyencommunications","Complementdinformations","0..n","extension_pending","","optional","public","extension_pending","pending_crt","FSHebergementOTISud 0/617","Target/import semantics require CRT confirmation."
"HOT|HLO|CAMP","Moyencommunications","contact_channel","value","Moyencommunications","Coordonnees","0..n","direct","","optional","public","direct","approved","FSHebergementOTISud 604/617",""
"HOT|HLO|CAMP","Moyencommunications","","","Moyencommunications","ID","0..n","excluded_auxiliary","","observed_100pct","technical","excluded_auxiliary","excluded","FSHebergementOTISud 617/617",""
"HOT|HLO|CAMP","Moyencommunications","","","Moyencommunications","Moyendecommunication","0..n","extension_pending","","optional","public","extension_pending","pending_crt","FSHebergementOTISud 0/33","Target/import semantics require CRT confirmation."
"HOT|HLO|CAMP","Moyencommunications","ref_code_contact_kind","code","Moyencommunications","Moyendecommunication.ThesCode","0..n","crosswalk","contact_kind","observed_100pct","public","crosswalk","approved","FSHebergementOTISud 584/584",""
"HOT|HLO|CAMP","Moyencommunications","","","Moyencommunications","Moyendecommunication.ThesID","0..n","excluded_auxiliary","","observed_100pct","technical","excluded_auxiliary","excluded","FSHebergementOTISud 584/584",""
"HOT|HLO|CAMP","Moyencommunications","ref_code_contact_kind","name","Moyencommunications","Moyendecommunication.ThesLibelle","0..n","crosswalk_label","contact_kind","observed_100pct","public","crosswalk_label","approved","FSHebergementOTISud 584/584",""
"HOT|HLO|CAMP","Moyencommunications","","","Moyencommunications","Moyendecommunication.ThesOrdre","0..n","excluded_auxiliary","","observed_100pct","technical","excluded_auxiliary","excluded","FSHebergementOTISud 584/584",""
"HOT|HLO|CAMP","Moyencommunications","","","Moyencommunications","Moyendecommunication.ThesPicto","0..n","excluded_auxiliary","","optional","technical","excluded_auxiliary","excluded","FSHebergementOTISud 0/584",""
"HOT|HLO|CAMP","Moyencommunications","","","Moyencommunications","Ordre","0..n","excluded_auxiliary","","observed_100pct","technical","excluded_auxiliary","excluded","FSHebergementOTISud 617/617",""
"HOT|HLO|CAMP","Moyencommunications","","","Moyencommunications","SyndicObjectId","0..n","excluded_auxiliary","","observed_100pct","technical","excluded_auxiliary","excluded","FSHebergementOTISud 617/617",""
"HOT|HLO|CAMP","Moyencommunications","","","Moyencommunications","Typedecoordonnees.ThesCode","0..n","extension_pending","","observed_100pct","public","extension_pending","pending_crt","FSHebergementOTISud 617/617","Target/import semantics require CRT confirmation."
"HOT|HLO|CAMP","Moyencommunications","","","Moyencommunications","Typedecoordonnees.ThesID","0..n","excluded_auxiliary","","observed_100pct","technical","excluded_auxiliary","excluded","FSHebergementOTISud 617/617",""
"HOT|HLO|CAMP","Moyencommunications","","","Moyencommunications","Typedecoordonnees.ThesLibelle","0..n","extension_pending","","observed_100pct","public","extension_pending","pending_crt","FSHebergementOTISud 617/617","Target/import semantics require CRT confirmation."
"HOT|HLO|CAMP","Moyencommunications","","","Moyencommunications","Typedecoordonnees.ThesOrdre","0..n","excluded_auxiliary","","observed_100pct","technical","excluded_auxiliary","excluded","FSHebergementOTISud 617/617",""
"HOT|HLO|CAMP","Moyencommunications","","","Moyencommunications","Typedecoordonnees.ThesPicto","0..n","excluded_auxiliary","","optional","technical","excluded_auxiliary","excluded","FSHebergementOTISud 0/617",""
"HOT|HLO|CAMP","PeriodeOuvertures","opening_period","date_start","PeriodeOuvertures","Datedebut","0..n","utc_date","","observed_100pct","public","utc_date","approved","FSHebergementOTISud 1/1",""
"HOT|HLO|CAMP","PeriodeOuvertures","opening_period","date_end","PeriodeOuvertures","Datefin","0..n","utc_date","","observed_100pct","public","utc_date","approved","FSHebergementOTISud 1/1",""
"HOT|HLO|CAMP","PeriodeOuvertures","","","PeriodeOuvertures","dimancheheuredebut1","0..n","extension_pending","","optional","public","extension_pending","pending_crt","FSHebergementOTISud 0/1","Target/import semantics require CRT confirmation."
"HOT|HLO|CAMP","PeriodeOuvertures","","","PeriodeOuvertures","dimancheheuredebut2","0..n","extension_pending","","optional","public","extension_pending","pending_crt","FSHebergementOTISud 0/1","Target/import semantics require CRT confirmation."
"HOT|HLO|CAMP","PeriodeOuvertures","","","PeriodeOuvertures","dimancheheurefin1","0..n","extension_pending","","optional","public","extension_pending","pending_crt","FSHebergementOTISud 0/1","Target/import semantics require CRT confirmation."
"HOT|HLO|CAMP","PeriodeOuvertures","","","PeriodeOuvertures","dimancheheurefin2","0..n","extension_pending","","optional","public","extension_pending","pending_crt","FSHebergementOTISud 0/1","Target/import semantics require CRT confirmation."
"HOT|HLO|CAMP","PeriodeOuvertures","","","PeriodeOuvertures","heuredebut1","0..n","extension_pending","","optional","public","extension_pending","pending_crt","FSHebergementOTISud 0/1","Target/import semantics require CRT confirmation."
"HOT|HLO|CAMP","PeriodeOuvertures","","","PeriodeOuvertures","heuredebut2","0..n","extension_pending","","optional","public","extension_pending","pending_crt","FSHebergementOTISud 0/1","Target/import semantics require CRT confirmation."
"HOT|HLO|CAMP","PeriodeOuvertures","","","PeriodeOuvertures","heurefin1","0..n","extension_pending","","optional","public","extension_pending","pending_crt","FSHebergementOTISud 0/1","Target/import semantics require CRT confirmation."
"HOT|HLO|CAMP","PeriodeOuvertures","","","PeriodeOuvertures","heurefin2","0..n","extension_pending","","optional","public","extension_pending","pending_crt","FSHebergementOTISud 0/1","Target/import semantics require CRT confirmation."
"HOT|HLO|CAMP","PeriodeOuvertures","","","PeriodeOuvertures","ID","0..n","excluded_auxiliary","","observed_100pct","technical","excluded_auxiliary","excluded","FSHebergementOTISud 1/1",""
"HOT|HLO|CAMP","PeriodeOuvertures","","","PeriodeOuvertures","jeudiheuredebut1","0..n","extension_pending","","observed_100pct","public","extension_pending","pending_crt","FSHebergementOTISud 1/1","Target/import semantics require CRT confirmation."
"HOT|HLO|CAMP","PeriodeOuvertures","","","PeriodeOuvertures","jeudiheuredebut2","0..n","extension_pending","","observed_100pct","public","extension_pending","pending_crt","FSHebergementOTISud 1/1","Target/import semantics require CRT confirmation."
"HOT|HLO|CAMP","PeriodeOuvertures","","","PeriodeOuvertures","jeudiheurefin1","0..n","extension_pending","","observed_100pct","public","extension_pending","pending_crt","FSHebergementOTISud 1/1","Target/import semantics require CRT confirmation."
"HOT|HLO|CAMP","PeriodeOuvertures","","","PeriodeOuvertures","jeudiheurefin2","0..n","extension_pending","","observed_100pct","public","extension_pending","pending_crt","FSHebergementOTISud 1/1","Target/import semantics require CRT confirmation."
"HOT|HLO|CAMP","PeriodeOuvertures","","","PeriodeOuvertures","lundiheuredebut1","0..n","extension_pending","","observed_100pct","public","extension_pending","pending_crt","FSHebergementOTISud 1/1","Target/import semantics require CRT confirmation."
"HOT|HLO|CAMP","PeriodeOuvertures","","","PeriodeOuvertures","lundiheuredebut2","0..n","extension_pending","","observed_100pct","public","extension_pending","pending_crt","FSHebergementOTISud 1/1","Target/import semantics require CRT confirmation."
"HOT|HLO|CAMP","PeriodeOuvertures","","","PeriodeOuvertures","lundiheurefin1","0..n","extension_pending","","observed_100pct","public","extension_pending","pending_crt","FSHebergementOTISud 1/1","Target/import semantics require CRT confirmation."
"HOT|HLO|CAMP","PeriodeOuvertures","","","PeriodeOuvertures","lundiheurefin2","0..n","extension_pending","","observed_100pct","public","extension_pending","pending_crt","FSHebergementOTISud 1/1","Target/import semantics require CRT confirmation."
"HOT|HLO|CAMP","PeriodeOuvertures","","","PeriodeOuvertures","mardiheuredebut1","0..n","extension_pending","","observed_100pct","public","extension_pending","pending_crt","FSHebergementOTISud 1/1","Target/import semantics require CRT confirmation."
"HOT|HLO|CAMP","PeriodeOuvertures","","","PeriodeOuvertures","mardiheuredebut2","0..n","extension_pending","","observed_100pct","public","extension_pending","pending_crt","FSHebergementOTISud 1/1","Target/import semantics require CRT confirmation."
"HOT|HLO|CAMP","PeriodeOuvertures","","","PeriodeOuvertures","mardiheurefin1","0..n","extension_pending","","observed_100pct","public","extension_pending","pending_crt","FSHebergementOTISud 1/1","Target/import semantics require CRT confirmation."
"HOT|HLO|CAMP","PeriodeOuvertures","","","PeriodeOuvertures","mardiheurefin2","0..n","extension_pending","","observed_100pct","public","extension_pending","pending_crt","FSHebergementOTISud 1/1","Target/import semantics require CRT confirmation."
"HOT|HLO|CAMP","PeriodeOuvertures","","","PeriodeOuvertures","mercrediheuredebut1","0..n","extension_pending","","observed_100pct","public","extension_pending","pending_crt","FSHebergementOTISud 1/1","Target/import semantics require CRT confirmation."
"HOT|HLO|CAMP","PeriodeOuvertures","","","PeriodeOuvertures","mercrediheuredebut2","0..n","extension_pending","","observed_100pct","public","extension_pending","pending_crt","FSHebergementOTISud 1/1","Target/import semantics require CRT confirmation."
"HOT|HLO|CAMP","PeriodeOuvertures","","","PeriodeOuvertures","mercrediheurefin1","0..n","extension_pending","","observed_100pct","public","extension_pending","pending_crt","FSHebergementOTISud 1/1","Target/import semantics require CRT confirmation."
"HOT|HLO|CAMP","PeriodeOuvertures","","","PeriodeOuvertures","mercrediheurefin2","0..n","extension_pending","","observed_100pct","public","extension_pending","pending_crt","FSHebergementOTISud 1/1","Target/import semantics require CRT confirmation."
"HOT|HLO|CAMP","PeriodeOuvertures","","","PeriodeOuvertures","Ordre","0..n","excluded_auxiliary","","observed_100pct","technical","excluded_auxiliary","excluded","FSHebergementOTISud 1/1",""
"HOT|HLO|CAMP","PeriodeOuvertures","","","PeriodeOuvertures","Precisionssurlesfermetures","0..n","extension_pending","","optional","public","extension_pending","pending_crt","FSHebergementOTISud 0/1","Target/import semantics require CRT confirmation."
"HOT|HLO|CAMP","PeriodeOuvertures","","","PeriodeOuvertures","Precisionssurlesouvertures","0..n","extension_pending","","optional","public","extension_pending","pending_crt","FSHebergementOTISud 0/1","Target/import semantics require CRT confirmation."
"HOT|HLO|CAMP","PeriodeOuvertures","","","PeriodeOuvertures","samediheuredebut1","0..n","extension_pending","","observed_100pct","public","extension_pending","pending_crt","FSHebergementOTISud 1/1","Target/import semantics require CRT confirmation."
"HOT|HLO|CAMP","PeriodeOuvertures","","","PeriodeOuvertures","samediheuredebut2","0..n","extension_pending","","observed_100pct","public","extension_pending","pending_crt","FSHebergementOTISud 1/1","Target/import semantics require CRT confirmation."
"HOT|HLO|CAMP","PeriodeOuvertures","","","PeriodeOuvertures","samediheurefin1","0..n","extension_pending","","observed_100pct","public","extension_pending","pending_crt","FSHebergementOTISud 1/1","Target/import semantics require CRT confirmation."
"HOT|HLO|CAMP","PeriodeOuvertures","","","PeriodeOuvertures","samediheurefin2","0..n","extension_pending","","observed_100pct","public","extension_pending","pending_crt","FSHebergementOTISud 1/1","Target/import semantics require CRT confirmation."
"HOT|HLO|CAMP","PeriodeOuvertures","","","PeriodeOuvertures","SyndicObjectId","0..n","excluded_auxiliary","","observed_100pct","technical","excluded_auxiliary","excluded","FSHebergementOTISud 1/1",""
"HOT|HLO|CAMP","PeriodeOuvertures","","","PeriodeOuvertures","vendrediheuredebut1","0..n","extension_pending","","observed_100pct","public","extension_pending","pending_crt","FSHebergementOTISud 1/1","Target/import semantics require CRT confirmation."
"HOT|HLO|CAMP","PeriodeOuvertures","","","PeriodeOuvertures","vendrediheuredebut2","0..n","extension_pending","","observed_100pct","public","extension_pending","pending_crt","FSHebergementOTISud 1/1","Target/import semantics require CRT confirmation."
"HOT|HLO|CAMP","PeriodeOuvertures","","","PeriodeOuvertures","vendrediheurefin1","0..n","extension_pending","","optional","public","extension_pending","pending_crt","FSHebergementOTISud 0/1","Target/import semantics require CRT confirmation."
"HOT|HLO|CAMP","PeriodeOuvertures","","","PeriodeOuvertures","vendrediheurefin2","0..n","extension_pending","","observed_100pct","public","extension_pending","pending_crt","FSHebergementOTISud 1/1","Target/import semantics require CRT confirmation."
"HOT|HLO|CAMP","Photos","media","rights_expires_at","Photos","Datedefindutilisation","0..n","utc_date","","optional","public","utc_date","approved","FSHebergementOTISud 0/1609",""
"HOT|HLO|CAMP","Photos","","","Photos","ID","0..n","excluded_auxiliary","","observed_100pct","technical","excluded_auxiliary","excluded","FSHebergementOTISud 1609/1609",""
"HOT|HLO|CAMP","Photos","","","Photos","Licencecreativecommons","0..n","extension_pending","","optional","public","extension_pending","pending_crt","FSHebergementOTISud 0/1609","Target/import semantics require CRT confirmation."
"HOT|HLO|CAMP","Photos","","","Photos","Ordre","0..n","excluded_auxiliary","","observed_100pct","technical","excluded_auxiliary","excluded","FSHebergementOTISud 1609/1609",""
"HOT|HLO|CAMP","Photos","media","credit","Photos","Photo.Credit","0..n","direct","","observed_100pct","public","direct","approved","FSHebergementOTISud 1609/1609",""
"HOT|HLO|CAMP","Photos","media","id","Photos","Photo.MediaID","0..n","uuid_text","","observed_100pct","public","uuid_text","approved","FSHebergementOTISud 1609/1609",""
"HOT|HLO|CAMP","Photos","media","title","Photos","Photo.Titre","0..n","direct","","observed_100pct","public","direct","approved","FSHebergementOTISud 1609/1609",""
"HOT|HLO|CAMP","Photos","media","url","Photos","Photo.Url","0..n","http_url","","observed_100pct","public","http_url","approved","FSHebergementOTISud 1609/1609",""
"HOT|HLO|CAMP","Photos","","","Photos","SyndicObjectId","0..n","excluded_auxiliary","","observed_100pct","technical","excluded_auxiliary","excluded","FSHebergementOTISud 1609/1609",""
"HOT|HLO|CAMP","PrestationProximites","","","PrestationProximites","ID","0..n","excluded_auxiliary","","observed_100pct","technical","excluded_auxiliary","excluded","FSHebergementOTISud 452/452",""
"HOT|HLO|CAMP","PrestationProximites","","","PrestationProximites","Ordre","0..n","excluded_auxiliary","","observed_100pct","technical","excluded_auxiliary","excluded","FSHebergementOTISud 452/452",""
"HOT|HLO|CAMP","PrestationProximites","","","PrestationProximites","SyndicObjectId","0..n","excluded_auxiliary","","observed_100pct","technical","excluded_auxiliary","excluded","FSHebergementOTISud 452/452",""
"HOT|HLO|CAMP","PrestationProximites","","","PrestationProximites","ThesCode","0..n","extension_pending","","observed_100pct","public","extension_pending","pending_crt","FSHebergementOTISud 452/452","Target/import semantics require CRT confirmation."
"HOT|HLO|CAMP","PrestationProximites","","","PrestationProximites","ThesID","0..n","excluded_auxiliary","","observed_100pct","technical","excluded_auxiliary","excluded","FSHebergementOTISud 452/452",""
"HOT|HLO|CAMP","PrestationProximites","","","PrestationProximites","ThesLibelle","0..n","extension_pending","","observed_100pct","public","extension_pending","pending_crt","FSHebergementOTISud 452/452","Target/import semantics require CRT confirmation."
"HOT|HLO|CAMP","PrestationProximites","","","PrestationProximites","ThesOrdre","0..n","excluded_auxiliary","","observed_100pct","technical","excluded_auxiliary","excluded","FSHebergementOTISud 452/452",""
"HOT|HLO|CAMP","PrestationProximites","","","PrestationProximites","ThesPicto","0..n","excluded_auxiliary","","optional","technical","excluded_auxiliary","excluded","FSHebergementOTISud 0/452",""
"HOT|HLO|CAMP","PrestationsEquipementss","","","PrestationsEquipementss","ID","0..n","excluded_auxiliary","","observed_100pct","technical","excluded_auxiliary","excluded","FSHebergementOTISud 1454/1454",""
"HOT|HLO|CAMP","PrestationsEquipementss","","","PrestationsEquipementss","Ordre","0..n","excluded_auxiliary","","observed_100pct","technical","excluded_auxiliary","excluded","FSHebergementOTISud 1454/1454",""
"HOT|HLO|CAMP","PrestationsEquipementss","","","PrestationsEquipementss","SyndicObjectId","0..n","excluded_auxiliary","","observed_100pct","technical","excluded_auxiliary","excluded","FSHebergementOTISud 1454/1454",""
"HOT|HLO|CAMP","PrestationsEquipementss","","","PrestationsEquipementss","ThesCode","0..n","extension_pending","","observed_100pct","public","extension_pending","pending_crt","FSHebergementOTISud 1454/1454","Target/import semantics require CRT confirmation."
"HOT|HLO|CAMP","PrestationsEquipementss","","","PrestationsEquipementss","ThesID","0..n","excluded_auxiliary","","observed_100pct","technical","excluded_auxiliary","excluded","FSHebergementOTISud 1454/1454",""
"HOT|HLO|CAMP","PrestationsEquipementss","","","PrestationsEquipementss","ThesLibelle","0..n","extension_pending","","observed_100pct","public","extension_pending","pending_crt","FSHebergementOTISud 1454/1454","Target/import semantics require CRT confirmation."
"HOT|HLO|CAMP","PrestationsEquipementss","","","PrestationsEquipementss","ThesOrdre","0..n","excluded_auxiliary","","observed_100pct","technical","excluded_auxiliary","excluded","FSHebergementOTISud 1454/1454",""
"HOT|HLO|CAMP","PrestationsEquipementss","","","PrestationsEquipementss","ThesPicto","0..n","excluded_auxiliary","","optional","technical","excluded_auxiliary","excluded","FSHebergementOTISud 0/1454",""
"HOT|HLO|CAMP","Reseauxsociauxs","","","Reseauxsociauxs","codeembed","0..n","extension_pending","","optional","public","extension_pending","pending_crt","FSHebergementOTISud 0/36","Target/import semantics require CRT confirmation."
"HOT|HLO|CAMP","Reseauxsociauxs","","","Reseauxsociauxs","ID","0..n","excluded_auxiliary","","observed_100pct","technical","excluded_auxiliary","excluded","FSHebergementOTISud 36/36",""
"HOT|HLO|CAMP","Reseauxsociauxs","","","Reseauxsociauxs","Ordre","0..n","excluded_auxiliary","","observed_100pct","technical","excluded_auxiliary","excluded","FSHebergementOTISud 36/36",""
"HOT|HLO|CAMP","Reseauxsociauxs","","","Reseauxsociauxs","SyndicObjectId","0..n","excluded_auxiliary","","observed_100pct","technical","excluded_auxiliary","excluded","FSHebergementOTISud 36/36",""
"HOT|HLO|CAMP","Reseauxsociauxs","ref_code_social_network","code","Reseauxsociauxs","Typedeplateforme.ThesCode","0..n","crosswalk","social_network","observed_100pct","public","crosswalk","approved","FSHebergementOTISud 36/36",""
"HOT|HLO|CAMP","Reseauxsociauxs","","","Reseauxsociauxs","Typedeplateforme.ThesID","0..n","excluded_auxiliary","","observed_100pct","technical","excluded_auxiliary","excluded","FSHebergementOTISud 36/36",""
"HOT|HLO|CAMP","Reseauxsociauxs","ref_code_social_network","name","Reseauxsociauxs","Typedeplateforme.ThesLibelle","0..n","crosswalk_label","social_network","observed_100pct","public","crosswalk_label","approved","FSHebergementOTISud 36/36",""
"HOT|HLO|CAMP","Reseauxsociauxs","","","Reseauxsociauxs","Typedeplateforme.ThesOrdre","0..n","excluded_auxiliary","","observed_100pct","technical","excluded_auxiliary","excluded","FSHebergementOTISud 36/36",""
"HOT|HLO|CAMP","Reseauxsociauxs","","","Reseauxsociauxs","Typedeplateforme.ThesPicto","0..n","excluded_auxiliary","","optional","technical","excluded_auxiliary","excluded","FSHebergementOTISud 0/36",""
"HOT|HLO|CAMP","Reseauxsociauxs","object_web_channel","value","Reseauxsociauxs","URL","0..n","http_url","","observed_100pct","public","http_url","approved","FSHebergementOTISud 36/36",""
"HOT|HLO|CAMP","Reservations","","","Reservations","ID","0..n","excluded_auxiliary","","observed_100pct","technical","excluded_auxiliary","excluded","FSHebergementOTISud 31/31",""
"HOT|HLO|CAMP","Reservations","object_web_channel","value","Reservations","Lien","0..n","http_url","","observed_100pct","public","http_url","approved","FSHebergementOTISud 31/31",""
"HOT|HLO|CAMP","Reservations","","","Reservations","Listeplateforme.ThesCode","0..n","extension_pending","","observed_100pct","public","extension_pending","pending_crt","FSHebergementOTISud 31/31","Target/import semantics require CRT confirmation."
"HOT|HLO|CAMP","Reservations","","","Reservations","Listeplateforme.ThesID","0..n","excluded_auxiliary","","observed_100pct","technical","excluded_auxiliary","excluded","FSHebergementOTISud 31/31",""
"HOT|HLO|CAMP","Reservations","","","Reservations","Listeplateforme.ThesLibelle","0..n","extension_pending","","observed_100pct","public","extension_pending","pending_crt","FSHebergementOTISud 31/31","Target/import semantics require CRT confirmation."
"HOT|HLO|CAMP","Reservations","","","Reservations","Listeplateforme.ThesOrdre","0..n","excluded_auxiliary","","observed_100pct","technical","excluded_auxiliary","excluded","FSHebergementOTISud 31/31",""
"HOT|HLO|CAMP","Reservations","","","Reservations","Listeplateforme.ThesPicto","0..n","excluded_auxiliary","","optional","technical","excluded_auxiliary","excluded","FSHebergementOTISud 0/31",""
"HOT|HLO|CAMP","Reservations","","","Reservations","Ordre","0..n","excluded_auxiliary","","observed_100pct","technical","excluded_auxiliary","excluded","FSHebergementOTISud 31/31",""
"HOT|HLO|CAMP","Reservations","","","Reservations","SyndicObjectId","0..n","excluded_auxiliary","","observed_100pct","technical","excluded_auxiliary","excluded","FSHebergementOTISud 31/31",""
"HOT|HLO|CAMP","Structure","","","Structure","Address1","0..n","excluded_auxiliary","","observed_100pct","technical","excluded_auxiliary","excluded","FSHebergementOTISud 211/211",""
"HOT|HLO|CAMP","Structure","","","Structure","Address2","0..n","excluded_auxiliary","","optional","technical","excluded_auxiliary","excluded","FSHebergementOTISud 0/211",""
"HOT|HLO|CAMP","Structure","","","Structure","Address3","0..n","excluded_auxiliary","","optional","technical","excluded_auxiliary","excluded","FSHebergementOTISud 0/211",""
"HOT|HLO|CAMP","Structure","","","Structure","City","0..n","excluded_auxiliary","","observed_100pct","technical","excluded_auxiliary","excluded","FSHebergementOTISud 211/211",""
"HOT|HLO|CAMP","Structure","","","Structure","Country","0..n","excluded_auxiliary","","optional","technical","excluded_auxiliary","excluded","FSHebergementOTISud 0/211",""
"HOT|HLO|CAMP","Structure","","","Structure","Email","0..n","excluded_auxiliary","","observed_100pct","technical","excluded_auxiliary","excluded","FSHebergementOTISud 211/211",""
"HOT|HLO|CAMP","Structure","","","Structure","EmailName","0..n","excluded_auxiliary","","optional","technical","excluded_auxiliary","excluded","FSHebergementOTISud 0/211",""
"HOT|HLO|CAMP","Structure","","","Structure","Name","0..n","excluded_auxiliary","","observed_100pct","technical","excluded_auxiliary","excluded","FSHebergementOTISud 211/211",""
"HOT|HLO|CAMP","Structure","","","Structure","Phone","0..n","excluded_auxiliary","","optional","technical","excluded_auxiliary","excluded","FSHebergementOTISud 0/211",""
"HOT|HLO|CAMP","Structure","","","Structure","Postcode","0..n","excluded_auxiliary","","observed_100pct","technical","excluded_auxiliary","excluded","FSHebergementOTISud 211/211",""
"HOT|HLO|CAMP","Structure","","","Structure","SyndicStructureId","0..n","excluded_auxiliary","","observed_100pct","technical","excluded_auxiliary","excluded","FSHebergementOTISud 211/211",""
"HOT|HLO|CAMP","Structure","","","Structure","Url","0..n","excluded_auxiliary","","optional","technical","excluded_auxiliary","excluded","FSHebergementOTISud 0/211",""
"HOT|HLO|CAMP","Tarifs","object_price","conditions","Tarifs","complementtarifs","0..n","strip_markdown","","optional","public","strip_markdown","approved","FSHebergementOTISud 2/215",""
"HOT|HLO|CAMP","Tarifs","object_price","valid_from","Tarifs","Datedebutaffichage","0..n","utc_date","","optional","public","utc_date","approved","FSHebergementOTISud 209/215",""
"HOT|HLO|CAMP","Tarifs","","","Tarifs","Datedebutvalidite","0..n","extension_pending","","optional","public","extension_pending","pending_crt","FSHebergementOTISud 0/215","Target/import semantics require CRT confirmation."
"HOT|HLO|CAMP","Tarifs","","","Tarifs","Datefinaffichage","0..n","extension_pending","","optional","public","extension_pending","pending_crt","FSHebergementOTISud 1/215","Target/import semantics require CRT confirmation."
"HOT|HLO|CAMP","Tarifs","object_price","valid_to","Tarifs","Datefinvalidite","0..n","utc_date","","optional","public","utc_date","approved","FSHebergementOTISud 0/215",""
"HOT|HLO|CAMP","Tarifs","","","Tarifs","ID","0..n","excluded_auxiliary","","observed_100pct","technical","excluded_auxiliary","excluded","FSHebergementOTISud 215/215",""
"HOT|HLO|CAMP","Tarifs","","","Tarifs","IntituleTarifs","0..n","extension_pending","","optional","public","extension_pending","pending_crt","FSHebergementOTISud 0/40","Target/import semantics require CRT confirmation."
"HOT|HLO|CAMP","Tarifs","","","Tarifs","IntituleTarifs.ThesCode","0..n","extension_pending","","observed_100pct","public","extension_pending","pending_crt","FSHebergementOTISud 175/175","Target/import semantics require CRT confirmation."
"HOT|HLO|CAMP","Tarifs","","","Tarifs","IntituleTarifs.ThesID","0..n","excluded_auxiliary","","observed_100pct","technical","excluded_auxiliary","excluded","FSHebergementOTISud 175/175",""
"HOT|HLO|CAMP","Tarifs","","","Tarifs","IntituleTarifs.ThesLibelle","0..n","extension_pending","","observed_100pct","public","extension_pending","pending_crt","FSHebergementOTISud 175/175","Target/import semantics require CRT confirmation."
"HOT|HLO|CAMP","Tarifs","","","Tarifs","IntituleTarifs.ThesOrdre","0..n","excluded_auxiliary","","observed_100pct","technical","excluded_auxiliary","excluded","FSHebergementOTISud 175/175",""
"HOT|HLO|CAMP","Tarifs","","","Tarifs","IntituleTarifs.ThesPicto","0..n","excluded_auxiliary","","optional","technical","excluded_auxiliary","excluded","FSHebergementOTISud 0/175",""
"HOT|HLO|CAMP","Tarifs","object_price","amount_max","Tarifs","MaximumEuro","0..n","decimal","","optional","public","decimal","approved","FSHebergementOTISud 207/215",""
"HOT|HLO|CAMP","Tarifs","object_price","amount","Tarifs","MinimumEuro","0..n","decimal","","observed_100pct","public","decimal","approved","FSHebergementOTISud 215/215",""
"HOT|HLO|CAMP","Tarifs","","","Tarifs","Nom","0..n","extension_pending","","optional","public","extension_pending","pending_crt","FSHebergementOTISud 153/215","Target/import semantics require CRT confirmation."
"HOT|HLO|CAMP","Tarifs","","","Tarifs","Nombredenuits","0..n","extension_pending","","optional","public","extension_pending","pending_crt","FSHebergementOTISud 0/215","Target/import semantics require CRT confirmation."
"HOT|HLO|CAMP","Tarifs","","","Tarifs","Ordre","0..n","excluded_auxiliary","","observed_100pct","technical","excluded_auxiliary","excluded","FSHebergementOTISud 215/215",""
"HOT|HLO|CAMP","Tarifs","","","Tarifs","Saisonnalite","0..n","extension_pending","","optional","public","extension_pending","pending_crt","FSHebergementOTISud 0/215","Target/import semantics require CRT confirmation."
"HOT|HLO|CAMP","Tarifs","","","Tarifs","SyndicObjectId","0..n","excluded_auxiliary","","observed_100pct","technical","excluded_auxiliary","excluded","FSHebergementOTISud 215/215",""
"HOT|HLO|CAMP","Thematiques","","","Thematiques","ID","0..n","excluded_auxiliary","","observed_100pct","technical","excluded_auxiliary","excluded","FSHebergementOTISud 140/140",""
"HOT|HLO|CAMP","Thematiques","","","Thematiques","Ordre","0..n","excluded_auxiliary","","observed_100pct","technical","excluded_auxiliary","excluded","FSHebergementOTISud 140/140",""
"HOT|HLO|CAMP","Thematiques","","","Thematiques","SyndicObjectId","0..n","excluded_auxiliary","","observed_100pct","technical","excluded_auxiliary","excluded","FSHebergementOTISud 140/140",""
"HOT|HLO|CAMP","Thematiques","","","Thematiques","ThesCode","0..n","extension_pending","","observed_100pct","public","extension_pending","pending_crt","FSHebergementOTISud 140/140","Target/import semantics require CRT confirmation."
"HOT|HLO|CAMP","Thematiques","","","Thematiques","ThesID","0..n","excluded_auxiliary","","observed_100pct","technical","excluded_auxiliary","excluded","FSHebergementOTISud 140/140",""
"HOT|HLO|CAMP","Thematiques","","","Thematiques","ThesLibelle","0..n","extension_pending","","observed_100pct","public","extension_pending","pending_crt","FSHebergementOTISud 140/140","Target/import semantics require CRT confirmation."
"HOT|HLO|CAMP","Thematiques","","","Thematiques","ThesOrdre","0..n","excluded_auxiliary","","observed_100pct","technical","excluded_auxiliary","excluded","FSHebergementOTISud 140/140",""
"HOT|HLO|CAMP","Thematiques","","","Thematiques","ThesPicto","0..n","excluded_auxiliary","","optional","technical","excluded_auxiliary","excluded","FSHebergementOTISud 0/140",""
"HOT|HLO|CAMP","TisTracking","","","TisTracking","CodeOffre","0..n","excluded_auxiliary","","observed_100pct","technical","excluded_auxiliary","excluded","FSHebergementOTISud 211/211",""
"HOT|HLO|CAMP","TisTracking","","","TisTracking","CodeStructure","0..n","excluded_auxiliary","","observed_100pct","technical","excluded_auxiliary","excluded","FSHebergementOTISud 211/211",""
"HOT|HLO|CAMP","TisTracking","","","TisTracking","CodeSyndication","0..n","excluded_auxiliary","","observed_100pct","technical","excluded_auxiliary","excluded","FSHebergementOTISud 211/211",""
"HOT|HLO|CAMP","TisTracking","","","TisTracking","SyndicObjectId","0..n","excluded_auxiliary","","observed_100pct","technical","excluded_auxiliary","excluded","FSHebergementOTISud 211/211",""
"HOT|HLO|CAMP","ZonesTypes","","","ZonesTypes","ID","0..n","excluded_auxiliary","","observed_100pct","technical","excluded_auxiliary","excluded","FSHebergementOTISud 1266/1266",""
"HOT|HLO|CAMP","ZonesTypes","","","ZonesTypes","SyndicObjectId","0..n","excluded_auxiliary","","observed_100pct","technical","excluded_auxiliary","excluded","FSHebergementOTISud 1266/1266",""
"HOT|HLO|CAMP","ZonesTypes","","","ZonesTypes","ZoneId","0..n","excluded_auxiliary","","observed_100pct","technical","excluded_auxiliary","excluded","FSHebergementOTISud 1266/1266",""
"HOT|HLO|CAMP","ZonesTypes","","","ZonesTypes","ZoneTypeId","0..n","excluded_auxiliary","","observed_100pct","technical","excluded_auxiliary","excluded","FSHebergementOTISud 1266/1266",""
"HOT|HLO|CAMP","ZonesTypes","","","ZonesTypes","ZoneTypeLibelle","0..n","excluded_auxiliary","","observed_100pct","technical","excluded_auxiliary","excluded","FSHebergementOTISud 1266/1266",""
"HOT|HLO|CAMP","Zoness","","","Zoness","AdresseOrdre","0..n","excluded_auxiliary","","observed_100pct","technical","excluded_auxiliary","excluded","FSHebergementOTISud 633/633",""
"HOT|HLO|CAMP","Zoness","","","Zoness","ID","0..n","excluded_auxiliary","","observed_100pct","technical","excluded_auxiliary","excluded","FSHebergementOTISud 633/633",""
"HOT|HLO|CAMP","Zoness","","","Zoness","Ordre","0..n","excluded_auxiliary","","observed_100pct","technical","excluded_auxiliary","excluded","FSHebergementOTISud 633/633",""
"HOT|HLO|CAMP","Zoness","","","Zoness","SyndicObjectId","0..n","excluded_auxiliary","","observed_100pct","technical","excluded_auxiliary","excluded","FSHebergementOTISud 633/633",""
"HOT|HLO|CAMP","Zoness","","","Zoness","ZoneId","0..n","excluded_auxiliary","","observed_100pct","technical","excluded_auxiliary","excluded","FSHebergementOTISud 633/633",""
"HOT|HLO|CAMP","Zoness","","","Zoness","ZoneLibelle","0..n","extension_pending","","observed_100pct","public","extension_pending","pending_crt","FSHebergementOTISud 633/633","Target/import semantics require CRT confirmation."
